Date,Close,Naive,ARIMA
2020-08-05,106.8670654296875,106.48109436035156,106.91305050752477
2020-08-06,110.59557342529295,106.8670654296875,106.28105439799418
2020-08-07,108.0811004638672,110.59557342529295,111.00032110113887
2020-08-10,109.6520538330078,108.0811004638672,107.75146122572428
2020-08-11,106.3910140991211,109.6520538330078,109.97150121761399
2020-08-12,109.92682647705078,106.3910140991211,106.3139561883452
2020-08-13,111.8722915649414,109.92682647705078,109.78087631148212
2020-08-14,111.77257537841795,111.8722915649414,111.5656556441431
2020-08-17,111.4807357788086,111.77257537841795,112.17788706309359
2020-08-18,112.4097137451172,111.4807357788086,111.116195454462
2020-08-19,112.55072784423828,112.4097137451172,112.60458912296035
2020-08-20,115.0482177734375,112.55072784423828,112.41098701923667
2020-08-21,120.97692108154295,115.0482177734375,114.83367474812312
2020-08-24,122.42383575439452,120.97692108154295,120.52191006893896
2020-08-25,121.41950988769533,122.42383575439452,122.51210753005394
2020-08-26,123.07067108154295,121.41950988769533,121.58927421246094
2020-08-27,121.59945678710938,123.07067108154295,122.66139895654081
2020-08-28,121.40247344970705,121.59945678710938,122.0954709577219
2020-08-31,125.51949310302734,121.40247344970705,121.11788094260665
2020-09-01,130.519287109375,125.51949310302734,125.16053908113625
2020-09-02,127.81507873535156,130.519287109375,130.33205541465662
2020-09-03,117.5821304321289,127.81507873535156,128.13568504267874
2020-09-04,117.65995025634766,117.5821304321289,118.61320599278721
2020-09-08,109.74202728271484,117.65995025634766,118.08570629025576
2020-09-09,114.11924743652344,109.74202728271484,110.5343072116203
2020-09-10,110.39373779296876,114.11924743652344,112.91621061170234
2020-09-11,108.94440460205078,110.39373779296876,111.60451388097974
2020-09-14,112.2127456665039,108.94440460205078,108.53289100647874
2020-09-15,112.38780212402344,112.2127456665039,111.71328767716189
2020-09-16,109.07085418701172,112.38780212402344,113.1409115001169
2020-09-17,107.32967376708984,109.07085418701172,108.59318167716029
2020-09-18,103.92515563964844,107.32967376708984,108.05129390849882
2020-09-21,107.07674407958984,103.92515563964844,103.70488513762167
2020-09-22,108.75958251953124,107.07674407958984,106.8947577679824
2020-09-23,104.19751739501952,108.75958251953124,108.69778575161999
2020-09-24,105.2675323486328,104.19751739501952,104.74338875055078
2020-09-25,109.21675872802734,105.2675323486328,104.8331049801594
2020-09-28,111.8236312866211,109.21675872802734,108.93539437940049
2020-09-29,110.97737884521484,111.8236312866211,111.90675590078098
2020-09-30,112.6504364013672,110.97737884521484,110.86847124054502
2020-10-01,113.6037139892578,112.6504364013672,112.67509389117362
2020-10-02,109.93656158447266,113.6037139892578,113.36227441608175
2020-10-05,113.3216323852539,109.93656158447266,110.59179200117893
2020-10-06,110.07276916503906,113.3216323852539,112.50765760317721
2020-10-07,111.94037628173828,110.07276916503906,110.8262794724934
2020-10-08,111.8333511352539,111.94037628173828,111.54497979384215
2020-10-09,113.77879333496094,111.8333511352539,111.66595194594527
2020-10-12,121.00608825683594,113.77879333496094,114.17185229916416
2020-10-13,117.79611206054688,121.00608825683594,119.51556535372089
2020-10-14,117.88365936279295,117.79611206054688,119.41837745768497
2020-10-15,117.4167709350586,117.88365936279295,116.81763331726481
2020-10-16,115.77286529541016,117.4167709350586,117.86918687643532
2020-10-19,112.8158187866211,115.77286529541016,116.13057391177087
2020-10-20,114.30406188964844,112.8158187866211,112.3740152444083
2020-10-21,113.68153381347656,114.30406188964844,114.90095963129184
2020-10-22,112.5920867919922,113.68153381347656,112.97414361181765
2020-10-23,111.90144348144533,112.5920867919922,113.43881462681212
2020-10-26,111.91118621826172,111.90144348144533,111.30119347349802
2020-10-27,113.4188995361328,111.91118621826172,112.27352346893792
2020-10-28,108.1662139892578,113.4188995361328,113.15581235931718
2020-10-29,112.17382049560548,108.1662139892578,108.69146009560187
2020-10-30,105.89007568359376,112.17382049560548,111.69825579035194
2020-11-02,105.8025131225586,105.89007568359376,106.45699005206326
2020-11-03,107.42697143554688,105.8025131225586,105.98464200771824
2020-11-04,111.81390380859376,107.42697143554688,106.51177333693968
2020-11-05,115.78258514404295,111.81390380859376,112.49304072397466
2020-11-06,115.65106201171876,115.78258514404295,114.50832260283381
2020-11-09,113.34174346923828,115.65106201171876,116.72945915143997
2020-11-10,113.00070190429688,113.34174346923828,112.89052606897465
2020-11-11,116.43057250976562,113.00070190429688,113.15454996906223
2020-11-12,116.1577377319336,116.43057250976562,116.21755179413785
2020-11-13,116.20646667480467,116.1577377319336,116.02225900237254
2020-11-16,117.2198486328125,116.20646667480467,116.62234796493262
2020-11-17,116.3331527709961,117.2198486328125,116.54395136595535
2020-11-18,115.00794982910156,116.3331527709961,117.07000750628839
2020-11-19,115.60233306884766,115.00794982910156,114.60480288536873
2020-11-20,114.33563232421876,115.60233306884766,115.74371746040663
2020-11-23,110.93498992919922,114.33563232421876,114.50144519433275
2020-11-24,112.22118377685548,110.93498992919922,111.05899131945277
2020-11-25,113.05916595458984,112.22118377685548,112.1308608116114
2020-11-27,113.60480499267578,113.05916595458984,113.3415794107953
2020-11-30,116.00184631347656,113.60480499267578,113.24221241530508
2020-12-01,119.5778579711914,116.00184631347656,116.0418192522165
2020-12-02,119.92864990234376,119.5778579711914,119.15464948645946
2020-12-03,119.79222869873048,119.92864990234376,120.14122951388987
2020-12-04,119.11991119384766,119.79222869873048,119.76570914916473
2020-12-07,120.58151245117188,119.11991119384766,119.07845418173618
2020-12-08,121.19538116455078,120.58151245117188,120.58884982560716
2020-12-09,118.66194152832033,121.19538116455078,120.98749778530599
2020-12-10,120.08457946777344,118.66194152832033,119.19375820036798
2020-12-11,119.27580261230467,120.08457946777344,119.52558208655776
2020-12-14,118.66194152832033,119.27580261230467,119.67623826026227
2020-12-15,124.60575103759766,118.66194152832033,118.62274113968677
2020-12-16,124.53753662109376,124.60575103759766,123.77910979290117
2020-12-17,125.40474700927734,124.53753662109376,125.24463160077829
2020-12-18,123.41698455810548,125.40474700927734,124.84499532559742
2020-12-21,124.94678497314452,123.41698455810548,123.8656147124712
2020-12-22,128.5033416748047,124.94678497314452,124.7332602445265
2020-12-23,127.6069107055664,128.5033416748047,127.93429118426816
2020-12-24,128.59103393554688,127.6069107055664,128.3949606481586
2020-12-28,133.19015502929688,128.59103393554688,129.16532762977323
2020-12-29,131.41677856445312,133.19015502929688,132.4309036521868
2020-12-30,130.29623413085938,131.41677856445312,131.85334797644958
2020-12-31,129.29257202148438,130.29623413085938,130.52253789995441
2021-01-04,126.09657287597656,129.29257202148438,130.00460997520426
2021-01-05,127.6556167602539,126.09657287597656,125.67981353950273
2021-01-06,123.35853576660156,127.6556167602539,127.94549813251464
2021-01-07,127.56793975830078,123.35853576660156,123.51162133942182
2021-01-08,128.6689910888672,127.56793975830078,127.11841242071607
2021-01-11,125.6776123046875,128.6689910888672,128.68158110386184
2021-01-12,125.50218200683594,125.6776123046875,126.21641565503478
2021-01-13,127.5386962890625,125.50218200683594,124.97632667674323
2021-01-14,125.60940551757812,127.5386962890625,127.75478924479454
2021-01-15,123.88470458984376,125.60940551757812,125.6628288908075
2021-01-19,124.55704498291016,123.88470458984376,123.80865185661803
2021-01-20,128.6494903564453,124.55704498291016,124.49483572949927
2021-01-21,133.3656005859375,128.6494903564453,128.29817829246306
2021-01-22,135.50926208496094,133.3656005859375,133.01975686126752
2021-01-25,139.26068115234375,135.50926208496094,135.59301960540466
2021-01-26,139.4945526123047,139.26068115234375,138.76292372359597
2021-01-27,138.4226837158203,139.4945526123047,139.7849995019389
2021-01-28,133.5799560546875,138.4226837158203,138.44375780612907
2021-01-29,128.58128356933594,133.5799560546875,133.94976901143247
2021-02-01,130.70547485351562,128.58128356933594,129.04475800385717
2021-02-02,131.53370666503906,130.70547485351562,129.9921051939072
2021-02-03,130.5105743408203,131.53370666503906,131.98473496882644
2021-02-04,133.87225341796875,130.5105743408203,130.37451590520826
2021-02-05,133.45751953125,133.87225341796875,133.4832046266629
2021-02-08,133.6039276123047,133.45751953125,133.86284515078543
2021-02-09,132.7256317138672,133.6039276123047,133.29427266084664
2021-02-10,132.12062072753906,132.7256317138672,132.9760800792321
2021-02-11,131.8668975830078,132.12062072753906,132.12926008621858
2021-02-12,132.10108947753906,131.8668975830078,131.7458908995756
2021-02-16,129.97372436523438,132.10108947753906,131.86291383567763
2021-02-17,127.68045806884766,129.97372436523438,130.4310632339374
2021-02-18,126.57777404785156,127.68045806884766,127.61804690029221
2021-02-19,126.73391723632812,126.57777404785156,126.68460911134537
2021-02-22,122.95735168457033,126.73391723632812,126.71869381437867
2021-02-23,122.82073974609376,122.95735168457033,123.28218371989213
2021-02-24,122.3230209350586,122.82073974609376,122.74656891902725
2021-02-25,118.06832122802734,122.3230209350586,122.24928827487575
2021-02-26,118.33182525634766,118.06832122802734,118.75802458613532
2021-03-01,124.70413208007812,118.33182525634766,117.72666096704019
2021-03-02,122.09861755371094,124.70413208007812,124.41359029059883
2021-03-03,119.1125030517578,122.09861755371094,122.62018908091868
2021-03-04,117.2291030883789,119.1125030517578,119.11634205729925
2021-03-05,118.4879379272461,117.2291030883789,117.33834604174986
2021-03-08,113.55015563964844,118.4879379272461,118.38495462597547
2021-03-09,118.16593933105467,113.55015563964844,114.01531693368985
2021-03-10,117.08273315429688,118.16593933105467,117.55788175933564
2021-03-11,119.01490783691406,117.08273315429688,117.28758180208635
2021-03-12,118.1073760986328,119.01490783691406,119.08944066247489
2021-03-15,120.9958953857422,118.1073760986328,117.70233807608184
2021-03-16,122.53773498535156,120.9958953857422,121.38236779135192
2021-03-17,121.74728393554688,122.53773498535156,121.75192041274812
2021-03-18,117.61945343017578,121.74728393554688,122.61576503390043
2021-03-19,117.09247589111328,117.61945343017578,117.38146554212251
2021-03-22,120.41036987304688,117.09247589111328,117.29515292297013
2021-03-23,119.58089447021484,120.41036987304688,119.97935618761353
2021-03-24,117.1900634765625,119.58089447021484,119.83000630204667
2021-03-25,117.677978515625,117.1900634765625,117.48428197254971
2021-03-26,118.2830047607422,117.677978515625,117.21789898506238
2021-03-29,118.45867156982422,118.2830047607422,118.6689600911039
2021-03-30,117.00465393066406,118.45867156982422,118.12015031447348
2021-03-31,119.2003173828125,117.00465393066406,117.37562100428624
2021-04-01,120.0298080444336,119.2003173828125,118.8026724205357
2021-04-05,122.85978698730467,120.0298080444336,120.2449020403141
2021-04-06,123.16229248046876,122.85978698730467,122.20355949795743
2021-04-07,124.81149291992188,123.16229248046876,123.69854627978741
2021-04-08,127.21207427978516,124.81149291992188,124.26487077012834
2021-04-09,129.78834533691406,127.21207427978516,127.22029643685681
2021-04-12,128.07083129882812,129.78834533691406,129.67135923573338
2021-04-13,131.1837921142578,128.07083129882812,128.14798544604477
2021-04-14,128.8417205810547,131.1837921142578,131.01315840130587
2021-04-15,131.25205993652344,128.8417205810547,128.95652095238574
2021-04-16,130.92031860351562,131.25205993652344,131.2090814712023
2021-04-19,131.5838623046875,130.92031860351562,130.66242262228238
2021-04-20,129.89564514160156,131.5838623046875,132.0010403794592
2021-04-21,130.2762451171875,129.89564514160156,129.53644112500635
2021-04-22,128.75393676757812,130.2762451171875,130.6680981917949
2021-04-23,131.07644653320312,128.75393676757812,128.53129508904715
2021-04-26,131.46681213378906,131.07644653320312,131.04198812360605
2021-04-27,131.1446990966797,131.46681213378906,131.39995069511727
2021-04-28,130.3543243408203,131.1446990966797,131.27112100621648
2021-04-29,130.25674438476562,130.3543243408203,130.3248214822119
2021-04-30,128.28553771972656,130.25674438476562,130.30142179755146
2021-05-03,129.3394012451172,128.28553771972656,128.45898749875363
2021-05-04,124.7626724243164,129.3394012451172,129.13159898884203
2021-05-05,125.00665283203124,124.7626724243164,125.32960206138246
2021-05-06,126.60706329345705,125.00665283203124,124.74599375233872
2021-05-07,127.28150939941406,126.60706329345705,126.37202100622747
2021-05-10,123.99707794189452,127.28150939941406,127.6196490517546
2021-05-11,123.0782470703125,123.99707794189452,123.91653043070946
2021-05-12,120.00885772705078,123.0782470703125,123.40193148599599
2021-05-13,122.15936279296876,120.00885772705078,119.98260844567571
2021-05-14,124.5835952758789,122.15936279296876,122.05466694708315
2021-05-17,123.43014526367188,124.5835952758789,124.27344549847936
2021-05-18,122.04207611083984,123.43014526367188,123.86689662876255
2021-05-19,121.88565826416016,122.04207611083984,121.8649748131762
2021-05-20,124.44674682617188,121.88565826416016,121.99156674747542
2021-05-21,122.60902404785156,124.44674682617188,124.16224053158132
2021-05-24,124.24146270751952,122.60902404785156,122.89235815522107
2021-05-25,124.04595947265624,124.24146270751952,124.04495618344129
2021-05-26,123.99707794189452,124.04595947265624,123.97257084482642
2021-05-27,122.46239471435548,123.99707794189452,124.30118466845708
2021-05-28,121.80747985839844,122.46239471435548,122.20031930858255
2021-06-01,121.48490142822266,121.80747985839844,121.41459770841412
2021-06-02,122.24735260009766,121.48490142822266,121.81498038385803
2021-06-03,120.76152801513672,122.24735260009766,121.98603474606112
2021-06-04,123.05867767333984,120.76152801513672,120.99057496904895
2021-06-07,123.0684814453125,123.05867767333984,122.82056135627963
2021-06-08,123.88957214355467,123.0684814453125,123.00958592370317
2021-06-09,124.2707977294922,123.88957214355467,124.08778466977849
2021-06-10,123.27373504638672,124.2707977294922,123.8655391410298
2021-06-11,124.48583221435548,123.27373504638672,123.8319483617066
2021-06-14,127.5454559326172,124.48583221435548,123.8937436692976
2021-06-15,126.72433471679688,127.5454559326172,127.58786072896315
2021-06-16,127.22286224365234,126.72433471679688,126.8783519811441
2021-06-17,128.82598876953125,127.22286224365234,126.97875381592485
2021-06-18,127.52590942382812,128.82598876953125,128.8684612794559
2021-06-21,129.3245086669922,127.52590942382812,127.61361564788994
2021-06-22,130.96670532226562,129.3245086669922,129.10201685280148
2021-06-23,130.69300842285156,130.96670532226562,130.8778753417561
2021-06-24,130.40956115722656,130.69300842285156,130.86107145568738
2021-06-25,130.1162872314453,130.40956115722656,130.27091386992416
2021-06-28,131.7487335205078,130.1162872314453,130.26767317081553
2021-06-29,133.26388549804688,131.7487335205078,131.47446431430117
2021-06-30,133.8796844482422,133.26388549804688,133.23948319044743
2021-07-01,134.1827392578125,133.8796844482422,133.90461183488125
2021-07-02,136.81224060058594,134.1827392578125,134.06074931290016
2021-07-06,138.82594299316406,136.81224060058594,136.83932197739097
2021-07-07,141.31857299804688,138.82594299316406,138.6784795645887
2021-07-08,140.01849365234375,141.31857299804688,141.04246092669763
2021-07-09,141.84645080566406,140.01849365234375,140.44281364804257
2021-07-12,141.25010681152344,141.84645080566406,141.33441886858336
2021-07-13,142.36451721191406,141.25010681152344,141.59328542702977
2021-07-14,145.79554748535156,142.36451721191406,142.1711987672137
2021-07-15,145.14064025878906,145.79554748535156,145.33892012883553
2021-07-16,143.09762573242188,145.14064025878906,145.7191531346228
2021-07-19,139.24624633789062,143.09762573242188,142.8240113044307
2021-07-20,142.8629913330078,139.24624633789062,139.86221570841627
2021-07-21,142.12986755371094,142.8629913330078,142.1342138590215
2021-07-22,143.49842834472656,142.12986755371094,142.4824749746536
2021-07-23,145.21884155273438,143.49842834472656,143.452862488879
2021-07-26,145.63916015625,145.21884155273438,144.67058127723132
2021-07-27,143.46908569335938,145.63916015625,146.3231399018963
2021-07-28,141.71932983398438,143.46908569335938,142.99221081305097
2021-07-29,142.36451721191406,141.71932983398438,142.36779425337312
2021-07-30,142.5795440673828,142.36451721191406,141.8295080213923
2021-08-02,142.24717712402344,142.5795440673828,142.82480587330346
2021-08-03,144.0458221435547,142.24717712402344,142.29425376880198
2021-08-04,143.64503479003906,144.0458221435547,143.6168781651986
2021-08-05,143.7525634765625,143.64503479003906,144.14074214931432
2021-08-06,143.06727600097656,143.7525634765625,143.33178712204696
2021-08-09,143.01832580566406,143.06727600097656,143.4079113459491
2021-08-10,142.5386199951172,143.01832580566406,142.88990568937024
2021-08-11,142.7931671142578,142.5386199951172,142.527958684624
2021-08-12,145.7594757080078,142.7931671142578,142.9405005939438
2021-08-13,145.96502685546875,145.7594757080078,145.18444781755582
2021-08-16,147.94256591796875,145.96502685546875,146.41995169125352
2021-08-17,147.03213500976562,147.94256591796875,147.43748014647716
2021-08-18,143.28265380859375,147.03213500976562,147.3562437060973
2021-08-19,143.61549377441406,143.28265380859375,143.66994835219353
2021-08-20,145.0741729736328,143.61549377441406,143.11354507917008
2021-08-23,146.56222534179688,145.0741729736328,145.37871661667955
2021-08-24,146.47409057617188,146.56222534179688,146.152842533688
2021-08-25,145.24061584472656,146.47409057617188,146.73192260357845
2021-08-26,144.43785095214844,145.24061584472656,145.2964314270896
2021-08-27,145.47557067871094,144.43785095214844,144.3638999964767
2021-08-30,149.90052795410156,145.47557067871094,145.52890761967365
2021-08-31,148.6376190185547,149.90052795410156,149.2844865239827
2021-09-01,149.3033447265625,148.6376190185547,149.22813868238867
2021-09-02,150.41937255859375,149.3033447265625,148.91735779357387
2021-09-03,151.0557098388672,150.41937255859375,150.37214708708854
2021-09-07,153.39547729492188,151.0557098388672,150.70864624803485
2021-09-08,151.84869384765625,153.39547729492188,153.54864227345064
2021-09-09,150.83053588867188,151.84869384765625,151.78458317659272
2021-09-10,145.8377685546875,150.83053588867188,151.092750105207
2021-09-13,146.40562438964844,145.8377685546875,146.114340017708
2021-09-14,145.00563049316406,146.40562438964844,146.24654485800053
2021-09-15,145.89654541015625,145.00563049316406,145.12543182073492
2021-09-16,145.6615447998047,145.89654541015625,145.89309768193
2021-09-17,142.98895263671875,145.6615447998047,145.49575811273968
2021-09-20,139.93455505371094,142.98895263671875,143.57154231246474
2021-09-21,140.4142608642578,139.93455505371094,139.7540925642975
2021-09-22,142.7834014892578,140.4142608642578,140.5266916576775
2021-09-23,143.7427520751953,142.7834014892578,142.4403095810059
2021-09-24,143.83087158203125,143.7427520751953,143.83774180091444
2021-09-27,142.31346130371094,143.83087158203125,143.83732106010734
2021-09-28,138.9261932373047,142.31346130371094,142.37885393907885
2021-09-29,139.8268585205078,138.9261932373047,139.34780201796082
2021-09-30,138.5248260498047,139.8268585205078,139.37686663584213
2021-10-01,139.65066528320312,138.5248260498047,138.9494574053118
2021-10-04,136.21449279785156,139.65066528320312,139.3536964801477
2021-10-05,138.14306640625,136.21449279785156,136.59269738132252
2021-10-06,139.0143585205078,138.14306640625,137.95095537024346
2021-10-07,140.2771759033203,139.0143585205078,138.71005955655565
2021-10-08,139.89540100097656,140.2771759033203,140.6906116057008
2021-10-11,139.80728149414062,139.89540100097656,139.3727643960627
2021-10-12,138.53463745117188,139.80728149414062,140.3696722166181
2021-10-13,137.9472198486328,138.53463745117188,138.19436630223214
2021-10-14,140.73731994628906,137.9472198486328,138.24834170018008
2021-10-15,141.7946319580078,140.73731994628906,140.29312149950331
2021-10-18,143.46868896484375,141.7946319580078,141.84297286479423
2021-10-19,145.63221740722656,143.46868896484375,143.45138411563738
2021-10-20,146.1216583251953,145.63221740722656,145.20212148222035
2021-10-21,146.33706665039062,146.1216583251953,146.53504118483326
2021-10-22,145.5636749267578,146.33706665039062,145.93879131517468
2021-10-25,145.5147247314453,145.5636749267578,145.93172298688046
2021-10-26,146.18045043945312,145.5147247314453,145.33378033665397
2021-10-27,145.7203369140625,146.18045043945312,146.10995155472932
2021-10-28,149.36207580566406,145.7203369140625,145.95468197815083
2021-10-29,146.6503143310547,149.36207580566406,148.70271573801617
2021-11-01,145.8280029296875,146.6503143310547,147.40751068488788
2021-11-02,146.86570739746094,145.8280029296875,145.529451965512
2021-11-03,148.30479431152344,146.86570739746094,146.71806170909022
2021-11-04,147.78591918945312,148.30479431152344,148.51370583405517
2021-11-05,148.3153533935547,147.78591918945312,147.4619809305225
2021-11-08,147.49183654785156,148.3153533935547,148.67128400867642
2021-11-09,147.8545684814453,147.49183654785156,147.20731380605062
2021-11-10,145.02122497558594,147.8545684814453,148.08026450102855
2021-11-11,144.97215270996094,145.02122497558594,145.14878719818034
2021-11-12,147.0506134033203,144.97215270996094,144.90701254783113
2021-11-15,147.06044006347656,147.0506134033203,146.8360666045381
2021-11-16,148.04083251953125,147.06044006347656,147.22529615075567
2021-11-17,150.48207092285156,148.04083251953125,147.84180911395714
2021-11-18,154.7761993408203,150.48207092285156,150.29937285579985
2021-11-19,157.40367126464844,154.7761993408203,154.49873513675198
2021-11-22,157.864501953125,157.40367126464844,157.2365963805024
2021-11-23,158.246826171875,157.864501953125,158.01421407330832
2021-11-24,158.76644897460938,158.246826171875,158.04737592780452
2021-11-26,153.73696899414062,158.76644897460938,158.7031899946444
2021-11-29,157.09976196289062,153.73696899414062,154.2941290827252
2021-11-30,162.0605926513672,157.09976196289062,156.455451245126
2021-12-01,161.5409698486328,162.0605926513672,161.74374081841125
2021-12-02,160.55076599121094,161.5409698486328,162.07168752163548
2021-12-03,158.6684112548828,160.55076599121094,160.11379265171595
2021-12-06,162.0802001953125,158.6684112548828,159.25802511758909
2021-12-07,167.8253631591797,162.0802001953125,161.3269580346399
2021-12-08,171.64895629882812,167.8253631591797,167.56879174327366
2021-12-09,171.1391143798828,171.64895629882812,171.61778247440526
2021-12-10,175.93328857421875,171.1391143798828,171.02235651857012
2021-12-13,172.29603576660156,175.93328857421875,175.69127814493837
2021-12-14,170.9136505126953,172.29603576660156,172.6325556979425
2021-12-15,175.7862091064453,170.9136505126953,171.12116761822588
2021-12-16,168.88421630859375,175.7862091064453,174.81358249873065
2021-12-17,167.78616333007812,168.88421630859375,170.47895466890205
2021-12-20,166.42340087890625,167.78616333007812,166.88746098081583
2021-12-21,169.5999298095703,166.42340087890625,166.85662874137998
2021-12-22,172.197998046875,169.5999298095703,169.43848131580305
2021-12-23,172.825439453125,172.197998046875,171.47525593191583
2021-12-27,176.79608154296875,172.825439453125,171.82300262177318
2021-12-28,175.77642822265625,176.79608154296875,177.2324936562515
2021-12-29,175.86468505859375,175.77642822265625,175.54454058304918
2021-12-30,174.70779418945312,175.86468505859375,175.9918414356995
2021-12-31,174.09014892578125,174.70779418945312,174.80342081207755
2022-01-03,178.443115234375,174.09014892578125,174.02895263026633
2022-01-04,176.1783905029297,178.443115234375,178.06841336602713
2022-01-05,171.49205017089844,176.1783905029297,176.58693766364163
2022-01-06,168.62928771972656,171.49205017089844,171.88987299776545
2022-01-07,168.79595947265625,168.62928771972656,168.4890356350901
2022-01-10,168.8155975341797,168.79595947265625,169.0045157464275
2022-01-11,171.64895629882812,168.8155975341797,168.5712870445018
2022-01-12,172.09010314941406,171.64895629882812,171.56985712994845
2022-01-13,168.8155975341797,172.09010314941406,172.05009070059228
2022-01-14,169.6783447265625,168.8155975341797,169.24477460298806
2022-01-18,166.472412109375,169.6783447265625,169.85819616851268
2022-01-19,162.9723663330078,166.472412109375,166.83615227134888
2022-01-20,161.28610229492188,162.9723663330078,162.97382920394546
2022-01-21,159.2272186279297,161.28610229492188,161.5630041764908
2022-01-24,158.45272827148438,159.2272186279297,159.18827266627315
2022-01-25,156.64878845214844,158.45272827148438,158.60585150287864
2022-01-26,156.56048583984375,156.64878845214844,156.71277938706166
2022-01-27,156.09976196289062,156.56048583984375,156.54531775966586
2022-01-28,166.99200439453125,156.09976196289062,156.13180695457757
2022-01-31,171.35482788085938,166.99200439453125,165.839145098698
2022-02-01,171.1881866455078,171.35482788085938,171.50247749841603
2022-02-02,172.39407348632812,171.1881866455078,171.40856154511332
2022-02-03,169.51162719726562,172.39407348632812,171.80894644144493
2022-02-04,169.2269744873047,169.51162719726562,170.4515366791011
2022-02-07,168.51039123535156,169.2269744873047,168.53523319049427
2022-02-08,171.6221923828125,168.51039123535156,168.97743708338217
2022-02-09,173.04562377929688,171.6221923828125,171.17371857651537
2022-02-10,168.96194458007812,173.04562377929688,172.89181667545714
2022-02-11,165.54579162597656,168.96194458007812,169.849195674083
2022-02-14,165.7814178466797,165.54579162597656,165.06072756795908
2022-02-15,169.61962890625,165.7814178466797,166.2064570339047
2022-02-16,169.3840789794922,169.61962890625,168.8878374890822
2022-02-17,165.7814178466797,169.3840789794922,169.8175126915125
2022-02-18,164.23037719726562,165.7814178466797,166.0837510001469
2022-02-22,161.30506896972656,164.23037719726562,164.59288317049524
2022-02-23,157.133056640625,161.30506896972656,161.24891042418363
2022-02-24,159.75405883789062,157.133056640625,157.70541837850985
2022-02-25,161.82534790039062,159.75405883789062,159.06271476359245
2022-02-28,162.09036254882812,161.82534790039062,161.9643563445484
2022-03-01,160.20559692382812,162.09036254882812,162.16310435909327
2022-03-02,163.50396728515625,160.20559692382812,160.14793856176763
2022-03-03,163.1800079345703,163.50396728515625,163.39683235944267
2022-03-04,160.17613220214844,163.1800079345703,163.06441302109445
2022-03-07,156.3771514892578,160.17613220214844,160.8067386884928
2022-03-08,154.55130004882812,156.3771514892578,156.19546492925315
2022-03-09,159.96018981933594,154.55130004882812,154.95702803643232
2022-03-10,155.61148071289062,159.96018981933594,159.07792948669206
2022-03-11,151.8910369873047,155.61148071289062,156.56726682224578
2022-03-14,147.8564453125,151.8910369873047,151.94515881754043
2022-03-15,152.24440002441406,147.8564453125,147.84667806180906
2022-03-16,156.66184997558594,152.24440002441406,152.19939666749246
2022-03-17,157.6729736328125,156.66184997558594,155.7780802845135
2022-03-18,160.97129821777344,157.6729736328125,158.5326025644145
2022-03-21,162.34559631347656,160.97129821777344,159.83040206325435
2022-03-22,165.7224884033203,162.34559631347656,162.9772043560332
2022-03-23,167.08697509765625,165.7224884033203,165.10795495965328
2022-03-24,170.87615966796875,167.08697509765625,167.0450822461193
2022-03-25,171.5142059326172,170.87615966796875,170.88124526021969
2022-03-28,172.3780975341797,171.5142059326172,171.04684088026337
2022-03-29,175.67645263671875,172.3780975341797,172.96451103075594
2022-03-30,174.50827026367188,175.67645263671875,174.65721582097586
2022-03-31,171.40625,174.50827026367188,175.43580068393783
2022-04-01,171.11175537109375,171.40625,171.19383951248454
2022-04-04,175.1659698486328,171.11175537109375,171.085674694328
2022-04-05,171.8479766845703,175.1659698486328,174.97877820520785
2022-04-06,168.67726135253906,171.8479766845703,172.07165721973155
2022-04-07,168.98158264160156,168.67726135253906,169.17820094471116
2022-04-08,166.96917724609375,168.98158264160156,168.31537123100557
2022-04-11,162.7088165283203,166.96917724609375,167.82166594288375
2022-04-12,164.5837860107422,162.7088165283203,162.55130802804328
2022-04-13,167.27349853515625,164.5837860107422,164.42739958912964
2022-04-14,162.25726318359375,167.27349853515625,167.15514908231881
2022-04-18,162.0413055419922,162.25726318359375,162.02352978826514
2022-04-19,164.32855224609375,162.0413055419922,161.99627217918194
2022-04-20,164.16168212890625,164.32855224609375,164.36934081043927
2022-04-21,163.3665313720703,164.16168212890625,163.89365097468797
2022-04-22,158.8214874267578,163.3665313720703,163.87004282990617
2022-04-25,159.89146423339844,158.8214874267578,158.8001506846144
2022-04-26,153.9230499267578,159.89146423339844,159.91475731467548
2022-04-27,153.697265625,153.9230499267578,154.42109962484253
2022-04-28,160.63751220703125,153.697265625,153.56762285035134
2022-04-29,154.7574462890625,160.63751220703125,159.72805691815637
2022-05-02,155.061767578125,154.7574462890625,156.18110809162334
2022-05-03,156.5538787841797,155.061767578125,154.12373188750266
2022-05-04,162.97386169433594,156.5538787841797,156.726056508076
2022-05-05,153.89361572265625,162.97386169433594,162.5986374587446
2022-05-06,154.62106323242188,153.89361572265625,154.61206139209227
2022-05-09,149.48931884765625,154.62106323242188,154.7039221321392
2022-05-10,151.89791870117188,149.48931884765625,149.24341704131353
2022-05-11,144.02333068847656,151.89791870117188,152.5455874195743
2022-05-12,140.14991760253906,144.02333068847656,143.74847711900827
2022-05-13,144.62301635742188,140.14991760253906,141.36808254295323
2022-05-16,143.07949829101562,144.62301635742188,142.83403970305983
2022-05-17,146.7169952392578,143.07949829101562,144.64846696601288
2022-05-18,138.43934631347656,146.7169952392578,145.41125773246085
2022-05-19,135.02801513671875,138.43934631347656,139.75922740050711
2022-05-20,135.26394653320312,135.02801513671875,135.2432866330919
2022-05-23,140.69065856933594,135.26394653320312,134.208962273013
2022-05-24,137.98712158203125,140.69065856933594,141.61312618729306
2022-05-25,138.14442443847656,137.98712158203125,137.0299220552997
2022-05-26,141.34930419921875,138.14442443847656,139.23169306381473
2022-05-27,147.11024475097656,141.34930419921875,140.00586916673814
2022-05-31,146.32376098632812,147.11024475097656,147.03768692445067
2022-06-01,146.19598388671875,146.32376098632812,146.26993872040163
2022-06-02,148.65370178222656,146.19598388671875,146.4432073798549
2022-06-03,142.9222869873047,148.65370178222656,148.04949242898468
2022-06-06,143.66940307617188,142.9222869873047,144.035752958962
2022-06-07,146.19598388671875,143.66940307617188,142.92186060343673
2022-06-08,145.45863342285156,146.19598388671875,146.15059183705088
2022-06-09,140.2285614013672,145.45863342285156,145.93054696698633
2022-06-10,134.8117218017578,140.2285614013672,140.14544191693673
2022-06-13,129.6504364013672,134.8117218017578,135.73082491541848
2022-06-14,130.5155792236328,129.6504364013672,129.3930192653043
2022-06-15,133.1404571533203,130.5155792236328,130.67572300135285
2022-06-16,127.86125946044922,133.1404571533203,132.71186327276644
2022-06-17,129.3358917236328,127.86125946044922,128.69437790680828
2022-06-21,133.57302856445312,129.3358917236328,129.41089825551808
2022-06-22,133.06182861328125,133.57302856445312,133.45460412400152
2022-06-23,135.93246459960938,133.06182861328125,132.7722580871131
2022-06-24,139.26515197753906,135.93246459960938,136.24567593951406
2022-06-27,139.26515197753906,139.26515197753906,138.31492159823617
2022-06-28,135.11648559570312,139.26515197753906,140.1728600254801
2022-06-29,136.87620544433594,135.11648559570312,134.86142597688539
2022-06-30,134.40866088867188,136.87620544433594,136.832556058974
2022-07-01,136.58126831054688,134.40866088867188,134.75153733827622
2022-07-05,139.1668243408203,136.58126831054688,136.82645844231922
2022-07-06,140.50381469726562,139.1668243408203,138.87687677229107
2022-07-07,143.87583923339844,140.50381469726562,140.34128738711783
2022-07-08,144.55418395996094,143.87583923339844,143.8615468087727
2022-07-11,142.42088317871094,144.55418395996094,144.2578483598255
2022-07-12,143.39413452148438,142.42088317871094,143.06290300654558
2022-07-13,143.03038024902344,143.39413452148438,142.73180662491296
2022-07-14,145.9600067138672,143.03038024902344,143.51149492099628
2022-07-15,147.63125610351562,145.9600067138672,145.44503698246675
2022-07-18,144.5836944580078,147.63125610351562,147.56735280910564
2022-07-19,148.4472198486328,144.5836944580078,145.24085978892327
2022-07-20,150.45274353027344,148.4472198486328,147.36630254379628
2022-07-21,152.7237091064453,150.45274353027344,151.01997473445675
2022-07-22,151.48500061035156,152.7237091064453,152.212252845405
2022-07-25,150.3642578125,151.48500061035156,151.73103081925834
2022-07-26,149.03707885742188,150.3642578125,150.63835783179476
2022-07-27,154.1393280029297,149.03707885742188,148.66374311611506
2022-07-28,154.6898956298828,154.1393280029297,154.12391718130007
2022-07-29,159.76266479492188,154.6898956298828,154.3851400989678
2022-08-01,158.77957153320312,159.76266479492188,159.6627577894331
2022-08-02,157.30494689941406,158.77957153320312,158.72323548486187
2022-08-03,163.32147216796875,157.30494689941406,157.7443796195225
2022-08-04,163.00689697265625,163.32147216796875,162.17934069089682
2022-08-05,162.7804412841797,163.00689697265625,163.8554000004399
2022-08-08,162.3079071044922,162.7804412841797,162.39148667522954
2022-08-09,162.3571014404297,162.3079071044922,162.32729126013876
2022-08-10,166.6099853515625,162.3571014404297,162.6872403273178
2022-08-11,165.8716278076172,166.6099853515625,165.6010430674873
2022-08-12,169.42552185058594,165.8716278076172,166.83629057430187
2022-08-15,170.4986114501953,169.42552185058594,168.3847932297675
2022-08-16,170.34109497070312,170.4986114501953,170.8873792681695
2022-08-17,171.83746337890625,170.34109497070312,170.4495554838606
2022-08-18,171.4436798095703,171.83746337890625,171.20641455346865
2022-08-19,168.85455322265625,171.4436798095703,172.24924759551925
2022-08-22,164.96595764160156,168.85455322265625,168.38425293950158
2022-08-23,164.63119506835938,164.96595764160156,165.78147040280294
2022-08-24,164.9265899658203,164.63119506835938,164.16577046902708
2022-08-25,167.3876953125,164.9265899658203,165.02602674100532
2022-08-26,161.0773468017578,167.3876953125,167.30624866730912
2022-08-29,158.87213134765625,161.0773468017578,161.52770499596048
2022-08-30,156.44053649902344,158.87213134765625,159.15399499792005
2022-08-31,154.7767791748047,156.44053649902344,156.12953530396814
2022-09-01,155.5052947998047,154.7767791748047,155.50194489864163
2022-09-02,153.388671875,155.5052947998047,154.69412898525374
2022-09-06,152.12860107421875,153.388671875,152.87707941425043
2022-09-07,153.53634643554688,152.12860107421875,152.38809072700863
2022-09-08,152.05967712402344,153.53634643554688,153.52078378996504
2022-09-09,154.9244384765625,152.05967712402344,151.87565277638
2022-09-12,160.89027404785156,154.9244384765625,155.09314859355902
2022-09-13,151.44931030273438,160.89027404785156,159.8071912811313
2022-09-14,152.8964385986328,151.44931030273438,153.4026744395134
2022-09-15,150.00213623046875,152.8964385986328,151.5202783699631
2022-09-16,148.35809326171875,150.00213623046875,150.7953586767702
2022-09-19,152.079345703125,148.35809326171875,148.68790389195422
2022-09-20,154.4617462158203,152.079345703125,150.69340585597243
2022-09-21,151.33114624023438,154.4617462158203,155.76102875243816
2022-09-22,150.3664093017578,151.33114624023438,150.41952414809737
2022-09-23,148.09228515625,150.3664093017578,151.24404675603836
2022-09-26,148.427001953125,148.09228515625,147.7622592497675
2022-09-27,149.40162658691406,148.427001953125,148.47092977102255
2022-09-28,147.51145935058594,149.40162658691406,149.45515465886174
2022-09-29,140.26583862304688,147.51145935058594,147.48255011916453
2022-09-30,136.05233764648438,140.26583862304688,141.2561567648344
2022-10-03,140.2362823486328,136.05233764648438,135.73984079523703
2022-10-04,143.82957458496094,140.2362823486328,139.96669467446725
2022-10-05,144.12493896484375,143.82957458496094,143.66352811081398
2022-10-06,143.16995239257812,144.12493896484375,144.17608382380917
2022-10-07,137.91299438476562,143.16995239257812,143.29036283880052
2022-10-10,138.2378387451172,137.91299438476562,138.34668050826818
2022-10-11,136.82022094726562,138.2378387451172,137.9951228576084
2022-10-12,136.19021606445312,136.82022094726562,136.97742449916993
2022-10-13,140.76792907714844,136.19021606445312,136.35850233754897
2022-10-14,136.2295684814453,140.76792907714844,139.9504718145078
2022-10-17,140.19691467285156,136.2295684814453,137.3857122752822
2022-10-18,141.51609802246094,140.19691467285156,139.0743368882694
2022-10-19,141.62440490722656,141.51609802246094,141.80987865357352
2022-10-20,141.16171264648438,141.62440490722656,141.89619972314867
2022-10-21,144.98141479492188,141.16171264648438,140.52336430437137
2022-10-24,147.1275177001953,144.98141479492188,145.43593516048745
2022-10-25,149.97262573242188,147.1275177001953,146.25104522861838
2022-10-26,147.0290985107422,149.97262573242188,150.47598416438012
2022-10-27,142.54977416992188,147.0290985107422,146.9194685045899
2022-10-28,153.3197784423828,142.54977416992188,143.129751280869
2022-10-31,150.9570770263672,153.3197784423828,151.82211990549348
2022-11-01,148.3088836669922,150.9570770263672,151.9523949718766
2022-11-02,142.77622985839844,148.3088836669922,148.4582856543954
2022-11-03,136.72178649902344,142.77622985839844,142.62082148356976
2022-11-04,136.4555206298828,136.72178649902344,138.11982567356412
2022-11-07,136.98805236816406,136.4555206298828,135.03121007125185
2022-11-08,137.5599365234375,136.98805236816406,138.1324378584206
2022-11-09,132.99435424804688,137.5599365234375,136.74063219131872
2022-11-10,144.8274688720703,132.99435424804688,133.81806149327252
2022-11-11,147.61810302734375,144.8274688720703,143.40475531692908
2022-11-14,146.21788024902344,147.61810302734375,147.62550900542195
2022-11-15,147.953369140625,146.21788024902344,147.19045741559975
2022-11-16,146.72076416015625,147.953369140625,146.34876159446443
2022-11-17,148.62396240234375,146.72076416015625,148.463794770132
2022-11-18,149.1859893798828,148.62396240234375,147.03918822297973
2022-11-21,145.95159912109375,149.1859893798828,150.0648162290644
2022-11-22,148.09144592285156,145.95159912109375,146.0941961969042
2022-11-23,148.9690704345703,148.09144592285156,147.28605527457552
2022-11-25,146.05023193359375,148.9690704345703,148.14606154021482
2022-11-28,142.21432495117188,146.05023193359375,147.00424651404418
2022-11-29,139.2067413330078,142.21432495117188,142.0756003536371
2022-11-30,145.97134399414062,139.2067413330078,139.41279454830902
2022-12-01,146.24746704101562,145.97134399414062,145.36419790298675
2022-12-02,145.75440979003906,146.24746704101562,146.27360303530102
2022-12-05,144.5908203125,145.75440979003906,146.2237275239293
2022-12-06,140.92254638671875,144.5908203125,143.9918757768901
2022-12-07,138.97996520996094,140.92254638671875,142.03359253540185
2022-12-08,140.66615295410156,138.97996520996094,138.28852252717934
2022-12-09,140.18299865722656,140.66615295410156,140.92351051392922
2022-12-12,142.48056030273438,140.18299865722656,140.18796414324012
2022-12-13,143.44692993164062,142.48056030273438,142.07337444341854
2022-12-14,141.21839904785156,143.44692993164062,143.73933401395945
2022-12-15,134.60169982910156,141.21839904785156,141.2048724896391
2022-12-16,132.6393585205078,134.60169982910156,135.34516836155825
2022-12-19,130.52914428710938,132.6393585205078,132.40165383097056
2022-12-20,130.46009826660156,130.52914428710938,130.75882302226168
2022-12-21,133.5662841796875,130.46009826660156,130.52498129243241
2022-12-22,130.3910675048828,133.5662841796875,132.9518011456669
2022-12-23,130.0261993408203,130.3910675048828,131.3221055835356
2022-12-27,128.22166442871094,130.0261993408203,130.30459033407894
2022-12-28,124.2871551513672,128.22166442871094,128.45920459781652
2022-12-29,127.80751037597656,124.2871551513672,124.3022475083665
2022-12-30,128.12303161621094,127.80751037597656,127.65601296098441
2023-01-03,123.33064270019533,128.12303161621094,128.52615722378331
2023-01-04,124.60270690917967,123.33064270019533,123.35053682063156
2023-01-05,123.28134155273438,124.60270690917967,124.64652325379747
2023-01-06,127.8173370361328,123.28134155273438,123.19331915610401
2023-01-09,128.3400115966797,127.8173370361328,127.58702674677892
2023-01-10,128.91192626953125,128.3400115966797,128.21846973306168
2023-01-11,131.633544921875,128.91192626953125,129.1741345650496
2023-01-12,131.55467224121094,131.633544921875,130.95311939241802
2023-01-13,132.8858642578125,131.55467224121094,132.14492143863876
2023-01-17,134.0494842529297,132.8858642578125,133.1282205785788
2023-01-18,133.3296356201172,134.0494842529297,133.96735830924172
2023-01-19,133.38880920410156,133.3296356201172,133.21329329079077
2023-01-20,135.95262145996094,133.38880920410156,133.71720687712664
2023-01-23,139.14756774902344,135.95262145996094,135.23550596508565
2023-01-24,140.54782104492188,139.14756774902344,139.4111830792724
2023-01-25,139.88714599609375,140.54782104492188,140.19284241407001
2023-01-26,141.9579620361328,139.88714599609375,140.1612484507453
2023-01-27,143.90052795410156,141.9579620361328,141.654385349381
2023-01-30,141.01129150390625,143.90052795410156,143.72960330536063
2023-01-31,142.28334045410156,141.01129150390625,141.623360621525
2023-02-01,143.407470703125,142.28334045410156,141.62097280761964
2023-02-02,148.72256469726562,143.407470703125,143.72017729187036
2023-02-03,152.35137939453125,148.72256469726562,148.05756479853332
2023-02-06,149.61988830566406,152.35137939453125,152.18874825080192
2023-02-07,152.499267578125,149.61988830566406,150.30421959236114
2023-02-08,149.80722045898438,152.499267578125,151.5239672200845
2023-02-09,148.7718505859375,149.80722045898438,150.79479663416913
2023-02-10,149.1372528076172,148.7718505859375,148.37682996223012
2023-02-13,151.94203186035156,149.1372528076172,149.0552954081497
2023-02-14,151.30010986328125,151.94203186035156,152.05200259189792
2023-02-15,153.40367126464844,151.30010986328125,150.94299006137473
2023-02-16,151.80377197265625,153.40367126464844,153.73839599131315
2023-02-17,150.65814208984375,151.80377197265625,151.48685132379924
2023-02-21,146.63864135742188,150.65814208984375,150.16493086568966
2023-02-22,147.0633087158203,146.63864135742188,147.42636639892476
2023-02-23,147.54722595214844,147.0633087158203,146.5946649534252
2023-02-24,144.89059448242188,147.54722595214844,147.56898962084074
2023-02-27,146.0856170654297,144.89059448242188,145.463375168966
2023-02-28,145.58187866210938,146.0856170654297,145.31341607315102
2023-03-01,143.5079345703125,145.58187866210938,146.28631581944654
2023-03-02,144.10052490234375,143.5079345703125,143.27195494156888
2023-03-03,149.15699768066406,144.10052490234375,144.08232536878398
2023-03-06,151.92230224609375,149.15699768066406,148.76946896395157
2023-03-07,149.71994018554688,151.92230224609375,151.7000242719617
2023-03-08,150.9741668701172,149.71994018554688,150.3169387047694
2023-03-09,148.72247314453125,150.9741668701172,150.30246706056963
2023-03-10,146.6584014892578,148.72247314453125,149.425466467312
2023-03-13,148.6039581298828,146.6584014892578,146.538548869234
2023-03-14,150.6976318359375,148.6039581298828,148.25365265217502
2023-03-15,151.0927276611328,150.6976318359375,150.9177761890541
2023-03-16,153.91725158691406,151.0927276611328,150.74299718119354
2023-03-17,153.07778930664062,153.91725158691406,153.95783898994645
2023-03-20,155.44801330566406,153.07778930664062,153.0675684043726
2023-03-21,157.30471801757812,155.44801330566406,155.27235100300067
2023-03-22,155.87266540527344,157.30471801757812,157.13226974951263
2023-03-23,156.95904541015625,155.87266540527344,156.23778623903462
2023-03-24,158.26266479492188,156.95904541015625,156.55306844393658
2023-03-27,156.31712341308594,158.26266479492188,158.36230018169297
2023-03-28,155.69488525390625,156.31712341308594,156.5457247567492
2023-03-29,158.7762451171875,155.69488525390625,155.53012241676157
2023-03-30,160.34649658203125,158.7762451171875,158.59798825352533
2023-03-31,162.85498046875,160.34649658203125,160.25382102806495
2023-04-03,164.10923767089844,162.85498046875,162.70406065218174
2023-04-04,163.5759735107422,164.10923767089844,164.01229656973175
2023-04-05,161.7291259765625,163.5759735107422,163.7706442014866
2023-04-06,162.6179656982422,161.7291259765625,161.75038068021632
2023-04-10,160.02061462402344,162.6179656982422,162.62936332863495
2023-04-11,158.80584716796875,160.02061462402344,160.34406373459598
2023-04-12,158.11453247070312,158.80584716796875,158.69558330646586
2023-04-13,163.50682067871094,158.11453247070312,158.24172651497486
2023-04-14,163.1611785888672,163.50682067871094,162.89117941333384
2023-04-17,163.18092346191406,163.1611785888672,163.48495009721543
2023-04-18,164.40554809570312,163.18092346191406,163.19148597163365
2023-04-19,165.55116271972656,164.40554809570312,163.9941505662665
2023-04-20,164.58331298828125,165.55116271972656,165.94693708253033
2023-04-21,162.97352600097656,164.58331298828125,164.25139196227224
2023-04-24,163.27969360351562,162.97352600097656,163.47074815127903
2023-04-25,161.73902893066406,163.27969360351562,162.89247626577145
2023-04-26,161.7291259765625,161.73902893066406,162.0934957545015
2023-04-27,166.32147216796875,161.7291259765625,161.64300709213765
2023-04-28,167.57569885253906,166.32147216796875,165.68450131313128
2023-05-01,167.48684692382812,167.57569885253906,168.02449961407083
2023-05-02,166.4498748779297,167.48684692382812,167.14508665921517
2023-05-03,165.37339782714844,166.4498748779297,166.7604216818794
2023-05-04,163.73399353027344,165.37339782714844,165.37913274097247
2023-05-05,171.41748046875,163.73399353027344,163.77025233810122
2023-05-08,171.3483428955078,171.41748046875,170.71626877565507
2023-05-09,169.63980102539062,171.3483428955078,171.59721318644856
2023-05-10,171.4075927734375,169.63980102539062,169.9941524561811
2023-05-11,171.59524536132812,171.4075927734375,170.63727528653422
2023-05-12,170.66563415527344,171.59524536132812,172.33467859328005
2023-05-15,170.17115783691406,170.66563415527344,170.17175614124884
2023-05-16,170.17115783691406,170.17115783691406,170.5290446526044
2023-05-17,170.78428649902344,170.17115783691406,170.04723109881635
2023-05-18,173.11825561523438,170.78428649902344,170.63008383408
2023-05-19,173.22705078125,173.11825561523438,173.14877436466966
2023-05-22,172.27761840820312,173.22705078125,173.02893127882763
2023-05-23,169.66676330566406,172.27761840820312,172.66216498304127
2023-05-24,169.94366455078125,169.66676330566406,169.5914882124508
2023-05-25,171.0810089111328,169.94366455078125,170.01801797804106
2023-05-26,173.49404907226562,171.0810089111328,170.86901938195624
2023-05-30,175.3434295654297,173.49404907226562,173.56139883543236
2023-05-31,175.2939910888672,175.3434295654297,175.120264631421
2023-06-01,178.1026153564453,175.2939910888672,175.39790814413536
2023-06-02,178.95315551757812,178.1026153564453,177.82001193089175
2023-06-05,177.59829711914062,178.95315551757812,178.9197502681748
2023-06-06,177.2323455810547,177.59829711914062,177.92974739481406
2023-06-07,175.8577117919922,177.2323455810547,176.91525456810376
2023-06-08,178.57733154296875,175.8577117919922,176.2902645799802
2023-06-09,178.9630584716797,178.57733154296875,177.99804979526115
2023-06-12,181.76177978515625,178.9630584716797,179.20317266543367
2023-06-13,181.28712463378903,181.76177978515625,181.49885026074796
2023-06-14,181.9200439453125,181.28712463378903,181.25495515914736
2023-06-15,183.957275390625,181.9200439453125,182.16955479086872
2023-06-16,182.8793487548828,183.957275390625,183.2916218849718
2023-06-20,182.96832275390625,182.8793487548828,182.30993257031085
2023-06-21,181.929931640625,182.96832275390625,183.26478865629392
2023-06-22,184.93637084960935,181.929931640625,182.01174896900918
2023-06-23,184.6198883056641,184.93637084960935,184.35999771331856
2023-06-26,183.22547912597656,184.6198883056641,185.18116688502622
2023-06-27,185.9846954345703,183.22547912597656,182.96896595266728
2023-06-28,187.1615295410156,185.9846954345703,185.8072113857419
2023-06-29,187.49778747558597,187.1615295410156,187.2197972666564
2023-06-30,191.8294677734375,187.49778747558597,187.37901981412318
2023-07-03,190.3361358642578,191.8294677734375,191.4731925745028
2023-07-05,189.21859741210935,190.3361358642578,190.23378465562476
2023-07-06,189.6933135986328,189.21859741210935,189.22497329722017
2023-07-07,188.57574462890625,189.6933135986328,189.84005973087025
2023-07-10,186.52859497070312,188.57574462890625,188.40004632210548
2023-07-11,186.0044403076172,186.52859497070312,187.0380640046703
2023-07-12,187.67578125,186.0044403076172,185.60927567069595
2023-07-13,188.4373016357422,187.67578125,187.78271576063182
2023-07-14,188.5856475830078,188.4373016357422,188.314644033394
2023-07-17,191.84922790527344,188.5856475830078,188.59617107215172
2023-07-18,191.59213256835935,191.84922790527344,191.56548446482404
2023-07-19,192.94700622558597,191.59213256835935,191.70337509805526
2023-07-20,190.99874877929688,192.94700622558597,192.88020413710012
2023-07-21,189.8218688964844,190.99874877929688,191.073376907411
2023-07-24,190.6229248046875,189.8218688964844,190.09952704817948
2023-07-25,191.4833068847656,190.6229248046875,190.16075873592385
2023-07-26,192.35362243652344,191.4833068847656,191.82357789470018
2023-07-27,191.08773803710935,192.35362243652344,191.9876098271141
2023-07-28,193.6689300537109,191.08773803710935,191.4419503516705
2023-07-31,194.28208923339844,193.6689300537109,193.258183626016
2023-08-01,193.4513702392578,194.28208923339844,194.3045293378831
2023-08-02,190.45481872558597,193.4513702392578,193.76657889284772
2023-08-03,189.06036376953125,190.45481872558597,190.34151576441516
2023-08-04,179.98167419433594,189.06036376953125,189.47402368761746
2023-08-07,176.87632751464844,179.98167419433594,180.53265325818825
2023-08-08,177.81582641601562,176.87632751464844,177.0029770506405
2023-08-09,176.22360229492188,177.81582641601562,177.41454059869218
2023-08-10,176.00604248046875,176.22360229492188,176.8342089011875
2023-08-11,176.0654296875,176.00604248046875,175.54579503349328
2023-08-14,177.71923828125,176.0654296875,176.33389151773457
2023-08-15,175.72874450683594,177.71923828125,177.47357122715576
2023-08-16,174.85728454589844,175.72874450683594,175.93629978789903
2023-08-17,172.31219482421875,174.85728454589844,175.03670749444157
2023-08-18,172.79745483398438,172.31219482421875,172.22504628652595
2023-08-21,174.1343536376953,172.79745483398438,173.02676909570553
2023-08-22,175.51087951660156,174.1343536376953,173.63710331661474
2023-08-23,179.3631591796875,175.51087951660156,175.83151381752168
2023-08-24,174.66912841796875,179.3631591796875,178.68034935837116
2023-08-25,176.87747192382812,174.66912841796875,175.5829978007792
2023-08-28,178.44219970703125,176.87747192382812,176.24295845860732
2023-08-29,182.3340606689453,178.44219970703125,178.31444605988995
2023-08-30,185.8297882080078,182.3340606689453,182.46043445678905
2023-08-31,186.04766845703125,185.8297882080078,184.91873396291882
2023-09-01,187.62225341796875,186.04766845703125,187.00126155490827
2023-09-05,187.8599090576172,187.62225341796875,188.2864546671341
2023-09-06,181.1357879638672,187.8599090576172,187.56673242636288
2023-09-07,175.83766174316406,181.1357879638672,181.7658562756982
2023-09-08,176.45166015625,175.83766174316406,176.37740024443914
2023-09-11,177.62022399902344,176.45166015625,175.6003534993665
2023-09-12,174.5898895263672,177.62022399902344,178.36526433804252
2023-09-13,172.52015686035156,174.5898895263672,174.26703016315594
2023-09-14,174.03533935546875,172.52015686035156,173.00139988783795
2023-09-15,173.3124237060547,174.03533935546875,173.58884571914916
2023-09-18,176.24371337890625,173.3124237060547,173.55248996293008
2023-09-19,177.33303833007812,176.24371337890625,175.98383597501092
2023-09-20,173.78775024414062,177.33303833007812,177.11384292910057
2023-09-21,172.24285888671875,173.78775024414062,174.60829456997303
2023-09-22,173.0945587158203,172.24285888671875,171.65772622485323
2023-09-25,174.37203979492188,173.0945587158203,173.45930573288604
2023-09-26,170.29200744628906,174.37203979492188,174.0231252907229
2023-09-27,168.77684020996094,170.29200744628906,170.8542350719502
2023-09-28,169.03431701660156,168.77684020996094,168.77007390765718
2023-09-29,169.5492706298828,169.03431701660156,168.7340359103001
2023-10-02,172.06463623046875,169.5492706298828,169.95551064485096
2023-10-03,170.72772216796875,172.06463623046875,171.32432647442863
2023-10-04,171.9755096435547,170.72772216796875,171.45613685585684
2023-10-05,173.21337890625,171.9755096435547,171.4132028985725
2023-10-06,175.7683563232422,173.21337890625,173.26127599330573
2023-10-09,177.25381469726562,175.7683563232422,175.7325748829639
2023-10-10,176.65963745117188,177.25381469726562,176.8276905274681
2023-10-11,178.05593872070312,176.65963745117188,177.27341304950275
2023-10-12,178.95712280273438,178.05593872070312,177.32613203784453
2023-10-13,177.1151885986328,178.95712280273438,179.38723344377286
2023-10-16,176.98643493652344,177.1151885986328,177.10555399311903
2023-10-17,175.43161010742188,176.98643493652344,176.87528361841746
2023-10-18,174.1343536376953,175.43161010742188,175.7995347851503
2023-10-19,173.758056640625,174.1343536376953,173.94311709438472
2023-10-20,171.20306396484375,173.758056640625,173.95563673054954
2023-10-23,171.32191467285156,171.20306396484375,171.35382826444618
2023-10-24,171.7576446533203,171.32191467285156,171.19284045382378
2023-10-25,169.4403533935547,171.7576446533203,171.78446758157602
2023-10-26,165.2711944580078,169.4403533935547,169.70017912082372
2023-10-27,166.58827209472656,165.2711944580078,165.53579466605896
2023-10-30,168.63816833496094,166.58827209472656,166.27799617946917
2023-10-31,169.11355590820312,168.63816833496094,168.5587235067193
2023-11-01,172.2825164794922,169.11355590820312,169.2114590440691
2023-11-02,175.8475799560547,172.2825164794922,171.79633266836456
2023-11-03,174.93649291992188,175.8475799560547,175.8169228805734
2023-11-06,177.49148559570312,174.93649291992188,175.0759973982459
2023-11-07,180.05638122558594,177.49148559570312,177.1198646865697
2023-11-08,181.1159820556641,180.05638122558594,179.9830298803892
2023-11-09,180.64064025878903,181.1159820556641,181.13332090370767
2023-11-10,184.8350982666016,180.64064025878903,180.60389446487608
2023-11-13,183.24855041503903,184.8350982666016,184.485078142767
2023-11-14,185.8664093017578,183.24855041503903,183.54276432471357
2023-11-15,186.4315948486328,185.8664093017578,185.57163303576294
2023-11-16,188.1173553466797,186.4315948486328,186.3162494992708
2023-11-17,188.0974884033203,188.1173553466797,188.2976601408575
2023-11-20,189.8427276611328,188.0974884033203,187.71265396412096
2023-11-21,189.0395355224609,189.8427276611328,190.13406242503203
2023-11-22,189.7039031982422,189.0395355224609,188.76995822422344
2023-11-24,188.37515258789065,189.7039031982422,189.49314936600177
2023-11-27,188.1966552734375,188.37515258789065,188.68072372145255
2023-11-28,188.8015289306641,188.1966552734375,188.04141103205308
2023-11-29,187.7801971435547,188.8015289306641,188.76096639718205
2023-11-30,188.35531616210935,187.7801971435547,188.01233574756765
2023-12-01,189.63450622558597,188.35531616210935,188.06627183078803
2023-12-04,187.83969116210935,189.63450622558597,189.71256578854363
2023-12-05,191.79617309570312,187.83969116210935,187.99542042299043
2023-12-06,190.70542907714844,191.79617309570312,191.2598229842261
2023-12-07,192.6390380859375,190.70542907714844,191.11881444010103
2023-12-08,194.0669708251953,192.6390380859375,192.3197999424976
2023-12-11,191.55821228027344,194.0669708251953,193.8794049862368
2023-12-12,193.07537841796875,191.55821228027344,192.22676295337303
2023-12-13,196.2980499267578,193.07537841796875,192.26639776258506
2023-12-14,196.4468231201172,196.2980499267578,196.54993643586874
2023-12-15,195.91136169433597,196.4468231201172,196.31562258717548
2023-12-18,194.2454376220703,195.91136169433597,195.96057480395012
2023-12-19,195.28665161132807,194.2454376220703,194.51002115457524
2023-12-20,193.19435119628903,195.28665161132807,194.89521717494935
2023-12-21,193.04559326171875,193.19435119628903,193.71988532013668
2023-12-22,191.97467041015625,193.04559326171875,192.76341639586042
2023-12-26,191.42930603027344,191.97467041015625,192.05947824320685
2023-12-27,191.5284576416016,191.42930603027344,191.2194095400937
2023-12-28,191.9548492431641,191.5284576416016,191.8493919616898
2023-12-29,190.9136505126953,191.9548492431641,191.54937331011072
2024-01-02,184.0814971923828,190.9136505126953,190.61609780461885
2024-01-03,182.70318603515625,184.0814971923828,184.92214481972718
2024-01-04,180.3828125,182.70318603515625,182.49938884949378
2024-01-05,179.65895080566406,180.3828125,180.43639153457704
2024-01-08,184.00218200683597,179.65895080566406,180.07434019886384
2024-01-09,183.585693359375,184.00218200683597,182.9050284864765
2024-01-10,184.6268615722656,183.585693359375,184.57943324935425
2024-01-11,184.0319061279297,184.6268615722656,183.84302517722037
2024-01-12,184.3591461181641,184.0319061279297,184.44258359301955
2024-01-16,182.08839416503903,184.3591461181641,183.98960913674878
2024-01-17,181.14633178710935,182.08839416503903,182.9269767229225
2024-01-18,187.04640197753903,181.14633178710935,180.44601527344054
2024-01-19,189.9517974853516,187.04640197753903,186.9750042467913
2024-01-22,192.26223754882807,189.9517974853516,189.65986908005843
2024-01-23,193.5414123535156,192.26223754882807,192.21829902125978
2024-01-24,192.8671112060547,193.5414123535156,193.45202817494985
2024-01-25,192.5399169921875,192.8671112060547,192.97558517842018
2024-01-26,190.80458068847656,192.5399169921875,192.54748636565716
2024-01-29,190.120361328125,190.80458068847656,190.9271476026018
2024-01-30,186.46136474609372,190.120361328125,190.18408989745728
2024-01-31,182.8519287109375,186.46136474609372,186.727677207755
2024-02-01,185.291259765625,182.8519287109375,183.16680575002832
2024-02-02,184.2897491455078,185.291259765625,184.71182535618334
2024-02-05,186.10438537597656,184.2897491455078,184.80481694640355
2024-02-06,187.71078491210935,186.10438537597656,185.65848456327294
2024-02-07,187.81983947753903,187.71078491210935,187.6399104128161
2024-02-08,186.739013671875,187.81983947753903,188.10219263094518
2024-02-09,187.5035095214844,186.739013671875,186.44378008699738
2024-02-12,185.8156280517578,187.5035095214844,187.79171051720593
2024-02-13,183.7206573486328,185.8156280517578,185.6833864823715
2024-02-14,182.8370056152344,183.7206573486328,184.1149183528255
2024-02-15,182.5490875244141,182.8370056152344,182.63657074805596
2024-02-16,181.01014709472656,182.5490875244141,182.6844622692034
2024-02-20,180.26548767089844,181.01014709472656,180.8474263620664
2024-02-21,181.02008056640625,180.26548767089844,180.4948648889146
2024-02-22,183.05545043945312,181.02008056640625,180.78381932988043
2024-02-23,181.2186584472656,183.05545043945312,182.94953896538317
2024-02-26,179.86834716796875,181.2186584472656,181.5485175905982
2024-02-27,181.32786560058597,179.86834716796875,179.77160855549297
2024-02-28,180.12646484375,181.32786560058597,181.21320138277008
2024-02-29,179.46127319335938,180.12646484375,180.35449821673208
2024-03-01,178.37905883789062,179.46127319335938,179.39146844416442
2024-03-04,173.85153198242188,178.37905883789062,178.49811625403348
2024-03-05,168.9070587158203,173.85153198242188,174.32120126428163
2024-03-06,167.91416931152344,168.9070587158203,169.0891850546756
2024-03-07,167.79505920410156,167.91416931152344,167.90173334033278
2024-03-08,169.5126953125,167.79505920410156,167.79225738751884
2024-03-11,171.51829528808594,169.5126953125,169.35688520725247
2024-03-12,171.994873046875,171.51829528808594,171.36503551962804
2024-03-13,169.90985107421875,171.994873046875,172.09217617657242
2024-03-14,171.7665252685547,169.90985107421875,170.04599303198387
2024-03-15,171.38922119140625,171.7665252685547,171.5033887004079
2024-03-18,172.48138427734375,171.38922119140625,171.53642404746714
2024-03-19,174.82455444335938,172.48138427734375,172.3814851959958
2024-03-20,177.39608764648438,174.82455444335938,174.49404862172747
2024-03-21,170.1481475830078,177.39608764648438,177.4725004300422
2024-03-22,171.05165100097656,170.1481475830078,170.77837995891443
2024-03-25,169.63186645507812,171.05165100097656,170.6884178567891
2024-03-26,168.49998474121094,169.63186645507812,169.76045240683467
2024-03-27,172.07431030273438,168.49998474121094,168.86559664584877
2024-03-28,170.25735473632812,172.07431030273438,171.12498063125446
2024-04-01,168.81768798828125,170.25735473632812,169.56207789518436
2024-04-02,167.6361846923828,168.81768798828125,169.26220769446897
2024-04-03,168.44041442871094,167.6361846923828,167.7671704426143
2024-04-04,167.61631774902344,168.44041442871094,167.9168365610738
2024-04-05,168.37091064453125,167.61631774902344,168.35383730179234
2024-04-08,167.24896240234375,168.37091064453125,167.61436511109403
2024-04-09,168.4602508544922,167.24896240234375,167.91073779359178
2024-04-10,166.58372497558594,168.4602508544922,167.99841998019687
2024-04-11,173.7919921875,166.58372497558594,166.86038122501378
2024-04-12,175.2912139892578,173.7919921875,173.15726717174095
2024-04-15,171.45872497558594,175.2912139892578,175.1243739236914
2024-04-16,168.17233276367188,171.45872497558594,172.4818814995064
2024-04-17,166.8021697998047,168.17233276367188,167.4363670313753
2024-04-18,165.84901428222656,166.8021697998047,167.67980569266314
2024-04-19,163.8235626220703,165.84901428222656,165.28146178557714
2024-04-22,164.65757751464844,163.8235626220703,164.3552908636602
2024-04-23,165.7100067138672,164.65757751464844,164.39485012342107
2024-04-24,167.8148956298828,165.7100067138672,165.49917420428392
2024-04-25,168.67869567871094,167.8148956298828,168.02404662445446
2024-04-26,168.0928955078125,168.67869567871094,168.18282463237063
2024-04-29,172.26295471191406,168.0928955078125,168.69047833903048
2024-04-30,169.1155548095703,172.26295471191406,171.317931267651
2024-05-01,168.0928955078125,169.1155548095703,170.0282683698322
2024-05-02,171.79629516601562,168.0928955078125,167.8439760719622
2024-05-03,182.07249450683597,171.79629516601562,171.1804342244743
2024-05-06,180.4144287109375,182.07249450683597,181.7532023217213
2024-05-07,181.09947204589844,180.4144287109375,180.45214156756475
2024-05-08,181.4370880126953,181.09947204589844,181.4087042366515
2024-05-09,183.2540435791016,181.4370880126953,180.79460883219298
2024-05-10,181.9913787841797,183.2540435791016,183.80954297134787
2024-05-13,185.20269775390625,181.9913787841797,181.5443023124597
2024-05-14,186.3460235595703,185.20269775390625,185.2743638758791
2024-05-15,188.622802734375,186.3460235595703,186.10872653441209
2024-05-16,188.7420959472656,188.622802734375,188.57638105275512
2024-05-17,188.7719268798828,188.7420959472656,188.7404855285207
2024-05-20,189.9351501464844,188.7719268798828,188.79540846879152
2024-05-21,191.23757934570312,189.9351501464844,189.77078588104132
2024-05-22,189.7959747314453,191.23757934570312,191.214277300745
2024-05-23,185.7992401123047,189.7959747314453,189.97437455765834
2024-05-24,188.88128662109372,185.7992401123047,186.11911842024296
2024-05-28,188.8912506103516,188.88128662109372,189.15262627249433
2024-05-29,189.18951416015625,188.8912506103516,188.88930141647216
2024-05-30,190.1837158203125,189.18951416015625,188.9407817862593
2024-05-31,191.13818359375,190.1837158203125,190.44702890508952
2024-06-03,192.90789794921875,191.13818359375,190.70024426060832
2024-06-04,193.2260284423828,192.90789794921875,193.1061777434464
2024-06-05,194.7372283935547,193.2260284423828,193.0268192252057
2024-06-06,193.35525512695312,194.7372283935547,194.70157359729478
2024-06-07,195.75132751464844,193.35525512695312,193.55192303627717
2024-06-10,192.0031280517578,195.75132751464844,195.36123944292032
2024-06-11,205.95199584960935,192.0031280517578,192.6065232959793
2024-06-12,211.8377685546875,205.95199584960935,204.22080134894463
2024-06-13,213.00099182128903,211.8377685546875,211.95264462121892
2024-06-14,211.2611083984375,213.00099182128903,213.42781597615289
2024-06-17,215.4169464111328,211.2611083984375,210.53517895696626
2024-06-18,213.0507049560547,215.4169464111328,215.99499525789278
2024-06-20,208.4673767089844,213.0507049560547,213.7540822130498
2024-06-21,206.2900390625,208.4673767089844,208.27410977545694
2024-06-24,206.93626403808597,206.2900390625,206.78126986242694
2024-06-25,207.86090087890625,206.93626403808597,206.4741217424258
2024-06-26,212.01670837402344,207.86090087890625,208.03934878815124
2024-06-27,212.8618011474609,212.01670837402344,211.55328498490385
2024-06-28,209.40191650390625,212.8618011474609,212.90974924469734
2024-07-01,215.4964904785156,209.40191650390625,209.97365135612898
2024-07-02,218.9961395263672,215.4964904785156,214.27084538024897
2024-07-03,220.2687225341797,218.9961395263672,219.45603060069578
2024-07-05,225.0310211181641,220.2687225341797,220.21056405092554
2024-07-08,226.50247192382807,225.0310211181641,224.8431034832226
2024-07-09,227.35748291015625,226.50247192382807,226.16156778130247
2024-07-10,231.6326141357422,227.35748291015625,227.8029753936634
2024-07-11,226.25392150878903,231.6326141357422,230.63537411445924
2024-07-12,229.2067108154297,226.25392150878903,227.60047532908263
2024-07-15,233.04440307617188,229.2067108154297,228.12448226755055
2024-07-16,233.4619903564453,233.04440307617188,232.96380930895992
2024-07-17,227.5563507080078,233.4619903564453,233.9902002647579
2024-07-18,222.8834991455078,227.5563507080078,227.3535582955956
2024-07-19,223.01275634765625,222.8834991455078,223.94651677010697
2024-07-22,222.66477966308597,223.01275634765625,221.97030640214882
2024-07-23,223.70870971679688,222.66477966308597,223.51283024767437
2024-07-24,217.276123046875,223.70870971679688,223.1079497151367
2024-07-25,216.2321929931641,217.276123046875,218.13285521386277
2024-07-26,216.69949340820312,216.2321929931641,216.16644750514791
2024-07-29,216.9778594970703,216.69949340820312,216.18161263943784
2024-07-30,217.5346221923828,216.9778594970703,217.784712125358
2024-07-31,220.795654296875,217.5346221923828,216.55915497274762
2024-08-01,217.09718322753903,220.795654296875,221.30827488199347
2024-08-02,218.58848571777344,217.09718322753903,217.08657935542556
2024-08-05,208.0597381591797,218.58848571777344,218.44715609317498
2024-08-06,206.03152465820312,208.0597381591797,209.25540552745204
2024-08-07,208.6065673828125,206.03152465820312,205.61247641343599
2024-08-08,212.0763702392578,208.6065673828125,208.27049443493652
2024-08-09,214.98944091796875,212.0763702392578,212.29712742484588
2024-08-12,216.5222930908203,214.98944091796875,214.20368497711306
2024-08-13,220.2449951171875,216.5222930908203,217.12215838524412
2024-08-14,220.69287109375,220.2449951171875,219.34048985397848
2024-08-15,223.6790008544922,220.69287109375,221.2039383351232
2024-08-16,225.0028381347656,223.6790008544922,223.21400633709138
2024-08-19,224.84356689453125,225.0028381347656,224.86492966181265
2024-08-20,225.460693359375,224.84356689453125,225.30989812783906
2024-08-21,225.35122680664065,225.460693359375,224.7710143847457
2024-08-22,223.4898681640625,225.35122680664065,226.03091872581635
2024-08-23,225.78916931152344,223.4898681640625,223.1603424240596
2024-08-26,226.1276092529297,225.78916931152344,225.7355604741042
2024-08-27,226.9736785888672,226.1276092529297,226.18602778006823
2024-08-28,225.4407958984375,226.9736785888672,226.7941921967551
2024-08-29,228.7254943847656,225.4407958984375,225.7525293462062
2024-08-30,227.9391632080078,228.7254943847656,228.1875481970362
2024-09-03,221.738037109375,227.9391632080078,227.9238822248126
2024-09-04,219.82693481445312,221.738037109375,222.15747260916459
2024-09-05,221.34983825683597,219.82693481445312,220.0616461874641
2024-09-06,219.79705810546875,221.34983825683597,220.68396543724347
2024-09-09,219.8866424560547,219.79705810546875,220.6779954952202
2024-09-10,219.09034729003903,219.8866424560547,219.16616376374677
2024-09-11,221.6285552978516,219.09034729003903,219.6179282335722
2024-09-12,221.738037109375,221.6285552978516,221.17582835693725
2024-09-13,221.46926879882807,221.738037109375,221.74709484486067
2024-09-16,215.3179168701172,221.46926879882807,221.8362895078001
2024-09-17,215.7857208251953,215.3179168701172,215.40621614585234
2024-09-18,219.66766357421875,215.7857208251953,215.9865762389248
2024-09-19,227.80975341796875,219.66766357421875,218.8045825157857
2024-09-20,227.14285278320312,227.80975341796875,227.73499046067795
2024-09-23,225.4208984375,227.14285278320312,227.1184326754224
2024-09-24,226.31671142578125,225.4208984375,225.77954483807932
2024-09-25,225.32135009765625,226.31671142578125,225.8546627519075
2024-09-26,226.4660186767578,225.32135009765625,225.7839718488675
2024-09-27,226.7347717285156,226.4660186767578,226.08106350297547
2024-09-30,231.92062377929688,226.7347717285156,226.82598326356492
2024-10-01,225.162109375,231.92062377929688,231.49910283612022
2024-10-02,225.7294464111328,225.162109375,225.9105933635675
2024-10-03,224.6245880126953,225.7294464111328,225.5580582459043
2024-10-04,225.74935913085935,224.6245880126953,224.35210829389774
2024-10-07,220.6630401611328,225.74935913085935,226.3309743219613
2024-10-08,224.72413635253903,220.6630401611328,220.36191821562218
2024-10-09,228.4766540527344,224.72413635253903,224.8768112934582
2024-10-10,227.97897338867188,228.4766540527344,227.6165476231357
2024-10-11,226.49588012695312,227.97897338867188,228.87686402455657
2024-10-14,230.228515625,226.49588012695312,225.95465346825776
2024-10-15,232.7666931152344,230.228515625,230.14493807750304
2024-10-16,230.70628356933597,232.7666931152344,232.64831378056195
2024-10-17,231.07456970214844,230.70628356933597,230.90067648156915
2024-10-18,233.91136169433597,231.07456970214844,231.04780666441738
2024-10-21,235.38449096679688,233.91136169433597,233.4530729020103
2024-10-22,234.76739501953125,235.38449096679688,235.67033818246423
2024-10-23,229.6909942626953,234.76739501953125,234.57651805148666
2024-10-24,229.50189208984372,229.6909942626953,230.38067331394402
2024-10-25,230.3380126953125,229.50189208984372,229.13176289357529
2024-10-28,232.31878662109372,230.3380126953125,230.3109578228079
2024-10-29,232.5875396728516,232.31878662109372,232.35542942402336
2024-10-30,229.03407287597656,232.5875396728516,232.29945660165305
2024-10-31,224.86349487304688,229.03407287597656,229.8194927374081
2024-11-01,221.87738037109372,224.86349487304688,224.67237821091032
2024-11-04,220.9815368652344,221.87738037109372,222.33920763011375
2024-11-05,222.4148712158203,220.9815368652344,220.820709457097
2024-11-06,221.6882476806641,222.4148712158203,222.24907834117585
2024-11-07,226.42620849609372,221.6882476806641,222.0026612661986
2024-11-08,226.15716552734372,226.42620849609372,225.62708599985842
2024-11-11,223.4368133544922,226.15716552734372,226.6912518903101
2024-11-12,223.4368133544922,223.4368133544922,223.5403644960531
2024-11-13,224.3236541748047,223.4368133544922,223.14377394728652
2024-11-14,227.41270446777344,224.3236541748047,224.61830594450944
2024-11-15,224.2040863037109,227.41270446777344,226.74363940224356
2024-11-18,227.21339416503903,224.2040863037109,225.0433950793006
2024-11-19,227.4724884033203,227.21339416503903,226.43599308901378
2024-11-20,228.18994140625,227.4724884033203,227.68539929139234
2024-11-21,227.71163940429688,228.18994140625,228.3675258046735
2024-11-22,229.05685424804688,227.71163940429688,227.2239908997797
2024-11-25,232.04624938964844,229.05685424804688,229.61051582707447
2024-11-26,234.2285003662109,232.04624938964844,231.07533925816023
2024-11-27,234.0989532470703,234.2285003662109,234.78071406653615
2024-11-29,236.49046325683597,234.0989532470703,234.2152838533426
2024-12-02,238.7424774169922,236.49046325683597,236.3203266404724
2024-12-03,241.79165649414065,238.7424774169922,238.41436694210014
2024-12-04,242.150390625,241.79165649414065,241.879985020421
2024-12-05,242.1802673339844,242.150390625,241.89233071050032
2024-12-06,241.98097229003903,242.1802673339844,242.48218369886584
2024-12-09,245.8771514892578,241.98097229003903,241.71973005190472
2024-12-10,246.8935546875,245.8771514892578,245.66094248876323
2024-12-11,245.6180877685547,246.8935546875,246.90787260513508
2024-12-12,247.0828857421875,245.6180877685547,245.79186730323627
2024-12-13,247.2522735595703,247.0828857421875,246.7771059919129
2024-12-16,250.1519775390625,247.2522735595703,247.4234034993184
2024-12-17,252.58334350585935,250.1519775390625,249.79324604166783
2024-12-18,247.1725616455078,252.58334350585935,252.43932274168748
2024-12-19,248.90640258789065,247.1725616455078,248.00060120850785
2024-12-20,253.5897979736328,248.90640258789065,248.10694097916706
2024-12-23,254.36703491210935,253.5897979736328,253.5171554445246
2024-12-24,257.28668212890625,254.36703491210935,254.52107612570228
2024-12-26,258.1037292480469,257.28668212890625,257.78670153365715
2024-12-27,254.68588256835935,258.1037292480469,257.6846503719597
2024-12-30,251.307861328125,254.68588256835935,255.23304220921383
2024-12-31,249.5341644287109,251.307861328125,251.5070383800804
2025-01-02,242.9874267578125,249.5341644287109,249.88631151495696
2025-01-03,242.4991607666016,242.9874267578125,243.27610625113022
2025-01-06,244.1333465576172,242.4991607666016,242.5351304373898
2025-01-07,241.3532257080078,244.1333465576172,243.72237500515573
2025-01-08,241.8414764404297,241.3532257080078,242.1018007168248
2025-01-10,236.0121917724609,241.8414764404297,242.17972829873085
2025-01-13,233.5708465576172,236.0121917724609,236.58773111606385
2025-01-14,232.45480346679688,233.5708465576172,233.28345169682333
2025-01-15,237.02854919433597,232.45480346679688,232.84749759582513
2025-01-16,227.4525604248047,237.02854919433597,236.26235934026823
2025-01-17,229.16647338867188,227.4525604248047,228.88419777694529
2025-01-21,221.85243225097656,229.16647338867188,229.11581565474356
2025-01-22,223.03823852539065,221.85243225097656,223.36417580081715
2025-01-23,222.8688507080078,223.03823852539065,221.33176272739752
2025-01-24,221.991943359375,222.8688507080078,224.2893224168546
2025-01-27,229.04690551757807,221.991943359375,221.18820007522456
2025-01-28,237.4171905517578,229.04690551757807,228.54228677480472
2025-01-29,238.51329040527344,237.4171905517578,237.19404490213225
2025-01-30,236.74954223632807,238.51329040527344,238.22511667462868
2025-01-31,235.16519165039065,236.74954223632807,237.46049692766425
2025-02-03,227.20343017578125,235.16519165039065,234.61713837662782
2025-02-04,231.97650146484372,227.20343017578125,228.54380432230585
2025-02-05,231.64768981933597,231.97650146484372,230.63676271984974
2025-02-06,232.39501953125,231.64768981933597,232.2293739936885
2025-02-07,226.8247833251953,232.39501953125,232.49359941491633
2025-02-10,227.0941162109375,226.8247833251953,226.7084866890255
2025-02-11,232.052001953125,227.0941162109375,227.7978512314763
2025-02-12,236.29161071777344,232.052001953125,230.4493542929148
2025-02-13,240.94024658203125,236.29161071777344,237.30185487097137
2025-02-14,244.00274658203125,240.94024658203125,239.629782745422
2025-02-18,243.87306213378903,244.00274658203125,243.98698994734607
2025-02-19,244.27207946777344,243.87306213378903,243.54784427037802
2025-02-20,245.229736328125,244.27207946777344,244.78161874499773
2025-02-21,244.95042419433597,245.229736328125,244.5223957092219
2025-02-24,246.49664306640625,244.95042419433597,245.60377319749767
2025-02-25,246.4367828369141,246.49664306640625,245.87845759705215
2025-02-26,239.7730865478516,246.4367828369141,246.74078045805027
2025-02-27,236.72056579589844,239.7730865478516,240.50043247585114
2025-02-28,241.24948120117188,236.72056579589844,236.37464415332153
2025-03-03,237.4487762451172,241.24948120117188,241.07893674308997
2025-03-04,235.3539123535156,237.4487762451172,237.90198966900334
2025-03-05,235.1643829345703,235.3539123535156,235.40994181213233
2025-03-06,234.75538635253903,235.1643829345703,234.96345045888964
2025-03-07,238.4862518310547,234.75538635253903,235.09953041566246
2025-03-10,226.92454528808597,238.4862518310547,237.73959692273388
2025-03-11,220.3007659912109,226.92454528808597,228.67066861045407
2025-03-12,216.4501800537109,220.3007659912109,220.0887191687711
2025-03-13,209.1680145263672,216.4501800537109,216.53832026265306
2025-03-14,212.96871948242188,209.1680145263672,210.40723807653498
2025-03-17,213.4774627685547,212.96871948242188,211.3069416532951
2025-03-18,212.170654296875,213.4774627685547,214.67997845484473
2025-03-19,214.7144317626953,212.170654296875,211.6526607361818
2025-03-20,213.5772247314453,214.7144317626953,214.4550412574129
2025-03-21,217.73703002929688,213.5772247314453,214.25026615508781
2025-03-24,220.19102478027344,217.73703002929688,216.5423565070509
2025-03-25,223.2036590576172,220.19102478027344,220.8479026147781
2025-03-26,220.9890594482422,223.2036590576172,222.50965567871737
2025-03-27,223.30340576171875,220.9890594482422,221.47870260500312
2025-03-28,217.3679351806641,223.30340576171875,223.07347511577467
2025-03-31,221.58761596679688,217.3679351806641,217.71959460053884
2025-04-01,222.64501953125,221.58761596679688,221.41935978151167
2025-04-02,223.3433074951172,222.64501953125,222.0469250098708
2025-04-03,202.69386291503903,223.3433074951172,224.25127280601276
2025-04-04,187.92002868652344,202.69386291503903,203.84097129925934
2025-04-07,181.0169219970703,187.92002868652344,189.23060596210718
2025-04-08,171.99899291992188,181.0169219970703,180.37034665483435
2025-04-09,198.3644561767578,171.99899291992188,173.7238581961504
2025-04-10,189.95504760742188,198.3644561767578,194.29244531096919
2025-04-11,197.6661529541016,189.95504760742188,193.08122987164978
2025-04-14,202.02549743652344,197.6661529541016,196.02205755526694
2025-04-15,201.64642333984372,202.02549743652344,200.82732425408543
2025-04-16,193.79563903808597,201.64642333984372,204.458588183239
2025-04-17,196.4990234375,193.79563903808597,191.10481619189693
2025-04-21,192.68833923339844,196.4990234375,194.06275959700915
2025-04-22,199.25228881835935,192.68833923339844,194.8781287382306
2025-04-23,204.10043334960935,199.25228881835935,197.4076129079822
2025-04-24,207.8612060546875,204.10043334960935,204.05762391690573
2025-04-25,208.76898193359372,207.8612060546875,208.4725755298208
2025-04-28,209.62689208984372,208.76898193359372,207.29801674557925
2025-04-29,210.69427490234372,209.62689208984372,211.31471866758446
2025-04-30,211.9811248779297,210.69427490234372,208.94590289914294
2025-05-01,212.79913330078125,211.9811248779297,213.18471684751069
2025-05-02,204.8485870361328,212.79913330078125,212.0347714129791
2025-05-05,198.40435791015625,204.8485870361328,205.87031017135158
2025-05-06,198.0252685546875,198.40435791015625,198.9519799659396
2025-05-07,195.7707977294922,198.0252685546875,197.08000677069128
2025-05-08,197.00778198242188,195.7707977294922,197.1385701129271
2025-05-09,198.0452423095703,197.00778198242188,195.68272314101569
2025-05-12,210.5510406494141,198.0452423095703,198.83133250966983
2025-05-13,212.6886138916016,210.5510406494141,208.89703367395634
2025-05-14,212.08929443359372,212.6886138916016,213.0941728717799
2025-05-15,211.21029663085935,212.08929443359372,212.59325980891387
2025-05-16,211.0205078125,211.21029663085935,210.23085451247312
2025-05-19,208.54331970214844,211.0205078125,212.31386609383804
2025-05-20,206.62550354003903,208.54331970214844,207.53179368268593
2025-05-21,201.86090087890625,206.62550354003903,207.6978887515438
2025-05-22,201.13172912597656,201.86090087890625,201.6702901908213
2025-05-23,195.04864501953125,201.13172912597656,201.1864588818406
2025-05-27,199.9830474853516,195.04864501953125,194.3985550215195
2025-05-28,200.1927947998047,199.9830474853516,199.86119857425194
2025-05-29,199.72332763671875,200.1927947998047,200.33834742409726
2025-05-30,200.622314453125,199.72332763671875,199.61336027884084
2025-06-02,201.47134399414065,200.622314453125,200.6388900469938
2025-06-03,203.03956604003903,201.47134399414065,201.34171528377294
2025-06-04,202.590087890625,203.03956604003903,202.97255078291428
2025-06-05,200.40257263183597,202.590087890625,202.67512690153106
2025-06-06,203.68882751464844,200.40257263183597,200.60370475000818
2025-06-09,201.2216339111328,203.68882751464844,203.1892583805736
2025-06-10,202.44024658203125,201.2216339111328,201.7613674970727
2025-06-11,198.55465698242188,202.44024658203125,202.11813807639084
2025-06-12,198.97418212890625,198.55465698242188,198.91827208559158
2025-06-13,196.227294921875,198.97418212890625,199.0376749556833
2025-06-16,198.195068359375,196.227294921875,196.07829265619932
2025-06-17,195.418212890625,198.195068359375,198.4817887137577
2025-06-18,196.35714721679688,195.418212890625,195.15201933363232
2025-06-20,200.7721405029297,196.35714721679688,195.80601622473242
2025-06-23,201.2715759277344,200.7721405029297,200.85948031453037
2025-06-24,200.07293701171875,201.2715759277344,201.02686533427385
2025-06-25,201.33151245117188,200.07293701171875,200.46973072908585
2025-06-26,200.7721405029297,201.33151245117188,200.88811556095675
2025-06-27,200.85205078125,200.7721405029297,201.08659315972142
2025-06-30,204.9374084472656,200.85205078125,200.75624524291845
2025-07-01,207.58441162109372,204.9374084472656,204.3925087186755
2025-07-02,212.1991729736328,207.58441162109372,207.80025971984122
2025-07-03,213.30792236328125,212.1991729736328,211.49999287294764
2025-07-07,209.7119903564453,213.30792236328125,213.233147486917
2025-07-08,209.7719268798828,209.7119903564453,209.96024101308453
2025-07-09,210.9006500244141,209.7719268798828,209.82814062840504
2025-07-10,212.1692047119141,210.9006500244141,210.48222857095354
2025-07-11,210.92062377929688,212.1692047119141,212.53709483933142
2025-07-14,208.3834991455078,210.92062377929688,210.6556262280255
2025-07-15,208.8729553222656,208.3834991455078,208.92583415697513
2025-07-16,209.92176818847656,208.8729553222656,208.44327058423323
2025-07-17,209.78192138671875,209.92176818847656,210.01089180178872
2025-07-18,210.9405975341797,209.78192138671875,209.8820406627731
2025-07-21,212.23912048339844,210.9405975341797,210.59884225280658
2025-07-22,214.15695190429688,212.23912048339844,212.44127828321177
2025-07-23,213.9072265625,214.15695190429688,213.75561409901485
2025-07-24,213.5176696777344,213.9072265625,214.20376830285105
2025-07-25,213.63754272460935,213.5176696777344,213.4323586175591
2025-07-28,213.80735778808597,213.63754272460935,213.56690636507383
2025-07-29,211.03050231933597,213.80735778808597,213.95859285329735
2025-07-30,208.81301879882807,211.03050231933597,211.12132246172519
2025-07-31,207.33470153808597,208.81301879882807,209.09284419414075
2025-08-01,202.1505889892578,207.33470153808597,207.2164062203719
2025-08-04,203.11949157714844,202.1505889892578,202.83601127632343
2025-08-05,202.68995666503903,203.11949157714844,202.58590543326872
2025-08-06,213.0082550048828,202.68995666503903,202.93576912740252
2025-08-07,219.7805633544922,213.0082550048828,211.98637232066713
2025-08-08,229.0900115966797,219.7805633544922,219.35098208974517
2025-08-11,227.17999267578125,229.0900115966797,228.85291893203404
2025-08-12,229.6499938964844,227.17999267578125,227.070070231906
2025-08-13,233.3300018310547,229.6499938964844,229.9685653842531
2025-08-14,232.77999877929688,233.3300018310547,232.23397200027298
2025-08-15,231.58999633789065,232.77999877929688,233.9386336710715
2025-08-18,230.88999938964844,231.58999633789065,230.79268187507597
2025-08-19,230.55999755859372,230.88999938964844,231.45074119930462
2025-08-20,226.00999450683597,230.55999755859372,230.41169965393053
2025-08-21,224.8999938964844,226.00999450683597,226.3207333266433
2025-08-22,227.75999450683597,224.8999938964844,225.14670960558402
2025-08-25,227.16000366210935,227.75999450683597,226.9296158864936
2025-08-26,229.30999755859372,227.16000366210935,228.04503321970444
2025-08-27,230.4900054931641,229.30999755859372,228.38843509519805
2025-08-28,232.55999755859372,230.4900054931641,230.8965620988583
2025-08-29,232.13999938964844,232.55999755859372,232.29339244127095
2025-09-02,229.72000122070312,232.13999938964844,232.53876792745194
2025-09-03,238.47000122070312,229.72000122070312,229.40342086738883
2025-09-04,239.77999877929688,238.47000122070312,237.9947506401064
2025-09-05,239.69000244140625,239.77999877929688,239.68166955504665
2025-09-08,237.8800048828125,239.69000244140625,240.09485833755394
2025-09-09,234.3500061035156,237.8800048828125,237.5094704064542
2025-09-10,226.7899932861328,234.3500061035156,235.20200475844277
2025-09-11,230.02999877929688,226.7899932861328,226.9178032258967
2025-09-12,234.07000732421875,230.02999877929688,229.6372751601997
2025-09-15,236.6999969482422,234.07000732421875,233.80560073861858
2025-09-16,238.1499938964844,236.6999969482422,236.70946244283195
2025-09-17,238.9900054931641,238.1499938964844,237.898118388486
2025-09-18,237.8800048828125,238.9900054931641,239.13658750457586
2025-09-19,245.5,237.8800048828125,237.87112230458686
2025-09-22,256.0799865722656,245.5,244.70550398807148
2025-09-23,254.42999267578125,256.0799865722656,255.38396303648
2025-09-24,252.30999755859372,254.42999267578125,255.18500508867746
2025-09-25,256.8699951171875,252.30999755859372,252.0643353289864
2025-09-26,255.4600067138672,256.8699951171875,256.40744995588693
2025-09-29,254.42999267578125,255.4600067138672,256.04451595745115
2025-09-30,254.6300048828125,254.42999267578125,254.12775584512465
